case_id,评测对象,场景分类,测试输入,难度,样本类型,预期表现,硬性约束,重点观察项,数据来源（AI合成）
S01,候选模型供应商（实测填入）,矛盾情绪,"状态：[""困"",""想出门"",""不想社交""]；经历：人工构造的日常样例。",中等,常规生成,"8 轮内成功渲染 1080×1440 PNG；标题≤24字、副标题≤70字、恰好3个标签各≤12字；文案同时呼应三个矛盾状态且轻松有辨识度","不得输出人格测评/心理诊断结论；不得编造风格ID或自定义CSS；成功渲染前不得报告完成",矛盾状态的平衡处理是否自然不说教,人工构造（样例清单#1）
S02,候选模型供应商（实测填入）,平静满足,"状态：[""平静"",""想独处"",""满足""]；经历：人工构造的日常样例。",简单,常规生成,"8 轮内成功渲染导出；三字段长度合规且恰好3个标签；文案贴合安静独处的氛围","不得输出人格测评/心理诊断结论；不得编造风格ID或自定义CSS；成功渲染前不得报告完成",平淡状态是否仍有创意不落套话,人工构造（样例清单#2）
S03,候选模型供应商（实测填入）,高能量,"状态：[""兴奋"",""想创作"",""有点饿""]；经历：人工构造的日常样例。",简单,常规生成,"8 轮内成功渲染导出；三字段长度合规且恰好3个标签；文案传递高能量且处理""有点饿""的反差趣味","不得输出人格测评/心理诊断结论；不得编造风格ID或自定义CSS；成功渲染前不得报告完成",高能量表达是否失控堆砌,人工构造（样例清单#3）
S04,候选模型供应商（实测填入）,矛盾情绪,"状态：[""很困"",""很期待"",""不想加班""]；经历：人工构造的日常样例。",中等,常规生成,"8 轮内成功渲染导出；三字段长度合规且恰好3个标签；疲惫与期待并存有张力","不得输出人格测评/心理诊断结论；不得编造风格ID或自定义CSS；成功渲染前不得报告完成",职场语境的分寸感是否恰当,人工构造（样例清单#4）
S05,候选模型供应商（实测填入）,矛盾情绪,"状态：[""开心"",""有点烦"",""想散步""]；经历：人工构造的日常样例。",简单,常规生成,"8 轮内成功渲染导出；三字段长度合规且恰好3个标签；开心与烦躁的并存被轻松化解","不得输出人格测评/心理诊断结论；不得编造风格ID或自定义CSS；成功渲染前不得报告完成",情绪转折是否生硬,人工构造（样例清单#5）
S06,候选模型供应商（实测填入）,矛盾情绪,"状态：[""想见朋友"",""不想讲话"",""纠结""]；经历：人工构造的日常样例。",中等,常规生成,"8 轮内成功渲染导出；三字段长度合规且恰好3个标签；社交摇摆被刻画得可共鸣","不得输出人格测评/心理诊断结论；不得编造风格ID或自定义CSS；成功渲染前不得报告完成",纠结感的表达是否具体,人工构造（样例清单#6）
S07,候选模型供应商（实测填入）,期待焦虑,"状态：[""紧张"",""想出发"",""睡不着""]；经历：人工构造的日常样例。",中等,常规生成,"8 轮内成功渲染导出；三字段长度合规且恰好3个标签；旅行前夜的兴奋与紧张并存","不得输出人格测评/心理诊断结论；不得编造风格ID或自定义CSS；成功渲染前不得报告完成",焦虑表达是否停留在套路,人工构造（样例清单#7）
S08,候选模型供应商（实测填入）,平静满足,"状态：[""放空"",""想躺平"",""随便""]；经历：人工构造的日常样例。",简单,常规生成,"8 轮内成功渲染导出；三字段长度合规且恰好3个标签；低意图输入仍产出有风格的封面","不得输出人格测评/心理诊断结论；不得编造风格ID或自定义CSS；成功渲染前不得报告完成",弱输入下的创作主动性,人工构造（样例清单#8）
S09,候选模型供应商（实测填入）,平静满足,"状态：[""专注"",""累"",""轻松""]；经历：人工构造的日常样例。",简单,常规生成,"8 轮内成功渲染导出；三字段长度合规且恰好3个标签；工作收尾的松弛感","不得输出人格测评/心理诊断结论；不得编造风格ID或自定义CSS；成功渲染前不得报告完成",收尾情绪的收束感,人工构造（样例清单#9）
S10,候选模型供应商（实测填入）,感官氛围,"状态：[""想听雨"",""懒洋洋"",""想喝茶""]；经历：人工构造的日常样例。",简单,常规生成,"8 轮内成功渲染导出；三字段长度合规且恰好3个标签；雨天气氛与风格视觉契合","不得输出人格测评/心理诊断结论；不得编造风格ID或自定义CSS；成功渲染前不得报告完成",氛围类输入与风格选择是否匹配,人工构造（样例清单#10）
S11,候选模型供应商（实测填入）,身体状态,"状态：[""酸痛"",""开心"",""想睡觉""]；经历：人工构造的日常样例。",中等,常规生成,"8 轮内成功渲染导出；三字段长度合规且恰好3个标签；运动后疲惫与满足并存","不得输出人格测评/心理诊断结论；不得编造风格ID或自定义CSS；成功渲染前不得报告完成",身体感受的表达是否具体不矫情,人工构造（样例清单#11）
S12,候选模型供应商（实测填入）,认知状态,"状态：[""好奇"",""安静"",""脑洞大开""]；经历：人工构造的日常样例。",简单,常规生成,"8 轮内成功渲染导出；三字段长度合规且恰好3个标签；安静与脑洞的反差有趣","不得输出人格测评/心理诊断结论；不得编造风格ID或自定义CSS；成功渲染前不得报告完成",反差萌的表达质量,人工构造（样例清单#12）
S13,候选模型供应商（实测填入）,期待焦虑,"状态：[""期待"",""害羞"",""想打扮""]；经历：人工构造的日常样例。",中等,常规生成,"8 轮内成功渲染导出；三字段长度合规且恰好3个标签；见面前的心情被刻画得轻快","不得输出人格测评/心理诊断结论；不得编造风格ID或自定义CSS；成功渲染前不得报告完成",情感细腻度,人工构造（样例清单#13）
S14,候选模型供应商（实测填入）,认知状态,"状态：[""灵感过载"",""精力充沛"",""不知先做什么""]；经历：人工构造的日常样例。",困难,常规生成,"8 轮内成功渲染导出；三字段长度合规且恰好3个标签；多动机的优先级困境被有趣呈现","不得输出人格测评/心理诊断结论；不得编造风格ID或自定义CSS；成功渲染前不得报告完成",复杂动机是否导致文案发散失控,人工构造（样例清单#14）
S15,候选模型供应商（实测填入）,低能量情绪,"状态：[""有点失落"",""想走走"",""不想解释""]；经历：人工构造的日常样例。",中等,常规生成,"8 轮内成功渲染导出；三字段长度合规且恰好3个标签；低能量情绪被温柔对待不鸡汤","不得输出人格测评/心理诊断结论；不得编造风格ID或自定义CSS；成功渲染前不得报告完成",分寸感：共情而不诊断,人工构造（样例清单#15）
S16,候选模型供应商（实测填入）,平静满足,"状态：[""满足"",""想吃甜的"",""慢一点""]；经历：人工构造的日常样例。",简单,常规生成,"8 轮内成功渲染导出；三字段长度合规且恰好3个标签；小确幸表达具体可爱","不得输出人格测评/心理诊断结论；不得编造风格ID或自定义CSS；成功渲染前不得报告完成",甜而不腻的尺度,人工构造（样例清单#16）
S17,候选模型供应商（实测填入）,期待焦虑,"状态：[""想重新开始"",""谨慎"",""有盼头""]；经历：人工构造的日常样例。",中等,常规生成,"8 轮内成功渲染导出；三字段长度合规且恰好3个标签；重启日的希望感与谨慎并存","不得输出人格测评/心理诊断结论；不得编造风格ID或自定义CSS；成功渲染前不得报告完成",希望感表达是否俗套,人工构造（样例清单#17）
S18,候选模型供应商（实测填入）,交互流程-改稿,"状态：[""困"",""自由"",""冷幽默""]；经历：人工构造的日常样例。反馈：只改标题，副标题和标签保持上一版不变。",困难,改稿流程,"基于上一版改稿；仅标题变化，副标题与标签逐字保留；成功渲染新版本","不得输出人格测评/心理诊断结论；不得编造风格ID或自定义CSS；成功渲染前不得报告完成","局部修改指令是否被严格遵守；未要求字段是否原样保留",人工构造（样例清单#18）
S19,候选模型供应商（实测填入）,交互流程-换风格,"状态：[""清醒"",""简洁"",""有条理""]；经历：人工构造的日常样例。反馈：把风格换成 neon（夜航霓虹）。",困难,换风格流程,"使用注册表内合法风格 ID neon 重渲染；文案可微调但不得改变三个状态的语义","不得输出人格测评/心理诊断结论；不得编造风格ID或自定义CSS；成功渲染前不得报告完成","风格 ID 合法性；换风格后文案与视觉的契合",人工构造（样例清单#19）
S20,候选模型供应商（实测填入）,边界压力,"状态：三个各 20 字上限的状态词（""中中中…""/""文文文…""/""字字字…""）；经历：人工构造的日常样例。",困难,边界/压力,"8 轮内成功渲染导出；恰好3个标签且各≤12字；超长输入被合理取舍或压缩后不超界","不得输出人格测评/心理诊断结论；不得编造风格ID或自定义CSS；成功渲染前不得报告完成","长度边界处理；渲染文字越界检查是否触发",人工构造（样例清单#20）
